{
  "name": "FlowForm Vitality MasterSuite",
  "venture": "FlowForm",
  "app_id": "flowform_vitality_master",
  "capability_phase": "6+Founders+AvatarRegistry",
  "capability_name": "Master Unification",
  "mode": "standalone",
  "standalone": true,
  "external_imports": false,
  "ports": {
    "default": 5800
  },
  "endpoints": [
    "/",
    "/analytics",
    "/api/builder/templates",
    "/api/llm/chat",
    "/api/llm/session_script",
    "/api/llm/week_summary",
    "/api/programmes",
    "/api/self_test",
    "/api_keys",
    "/assistant",
    "/assistant/clear",
    "/avatars",
    "/avatars/<id>/activate",
    "/avatars/<id>/delete",
    "/avatars/<id>/edit",
    "/avatars/new",
    "/builder",
    "/builder/new",
    "/coach",
    "/explore",
    "/export",
    "/export/download",
    "/export/plan.pdf",
    "/founder",
    "/health",
    "/import",
    "/intake",
    "/manifest",
    "/manifest.json",
    "/media",
    "/media/upload",
    "/plan",
    "/player/<id>",
    "/profile",
    "/programmes",
    "/programmes/new",
    "/qa",
    "/recovery",
    "/safety",
    "/service-worker.js",
    "/sessions",
    "/settings",
    "/static_media/<id>"
  ],
  "routes": [
    "/api/health",
    "/api/jobs",
    "/api/schedule",
    "/avatar_render",
    "/content_pack",
    "/schedule",
    "/schedule/ics"
  ]
}