{
  "version": "v1",
  "global": {
    "breath": [
      "Breathe low and quiet; long exhale on effort.",
      "Soft jaw, relaxed shoulders, steady breath.",
      "Nose inhale, slow exhale \u2014 keep your rhythm."
    ],
    "core": [
      "Brace gently \u2014 ribs down, pelvis stacked.",
      "Move from the centre; spine long and calm.",
      "Own your posture first, then add speed."
    ],
    "mindset": [
      "Smooth is fast. Clean reps beat rushed reps.",
      "Stay present \u2014 one rep at a time.",
      "Protect form first; intensity second."
    ]
  },
  "domains": {
    "boxing": {
      "technique": [
        "Hands return to guard after every strike.",
        "Turn the hip on the cross; keep the chin tucked.",
        "Light feet \u2014 don\u2019t glue your heels."
      ],
      "fault_fix": [
        {
          "fault": "dropping hands",
          "fix": "Reset guard between combinations; elbows in."
        },
        {
          "fault": "reaching for punches",
          "fix": "Step in with footwork; keep shoulders relaxed."
        }
      ]
    },
    "muay_thai": {
      "technique": [
        "Drive the hip on kicks; return to stance fast.",
        "Teep from the hip, not the knee.",
        "Posture tall in clinch \u2014 breathe."
      ],
      "fault_fix": [
        {
          "fault": "leaning back on kicks",
          "fix": "Stay stacked; pivot and rotate the hip."
        }
      ]
    },
    "combat": {
      "technique": [
        "Snap back to stance after each combo.",
        "Control your shoulders \u2014 breathe through the work."
      ],
      "fault_fix": [
        {
          "fault": "rushing combos",
          "fix": "Slow 10%; make every strike clean."
        }
      ]
    },
    "hiit": {
      "technique": [
        "Land softly; knees track over toes.",
        "Keep core braced on power moves."
      ],
      "fault_fix": [
        {
          "fault": "losing form under fatigue",
          "fix": "Drop pace, keep range of motion clean."
        }
      ]
    },
    "yoga": {
      "technique": [
        "Long spine; soften the ribs.",
        "Breathe into the back body."
      ],
      "fault_fix": [
        {
          "fault": "holding breath",
          "fix": "Slow down; exhale longer than inhale."
        }
      ]
    },
    "pilates": {
      "technique": [
        "Find neutral pelvis; ribs heavy.",
        "Move slow; keep tension where it belongs."
      ],
      "fault_fix": [
        {
          "fault": "neck tension",
          "fix": "Relax shoulders; lengthen the back of the neck."
        }
      ]
    },
    "balance": {
      "technique": [
        "Tripod foot: big toe, little toe, heel.",
        "Eyes still; breathe slow."
      ],
      "fault_fix": [
        {
          "fault": "wobbling",
          "fix": "Shorten range; slow the movement; breathe."
        }
      ]
    },
    "bollywood": {
      "technique": [
        "Tall posture; relaxed shoulders.",
        "Let the hips lead; keep feet light."
      ],
      "fault_fix": [
        {
          "fault": "stiff upper body",
          "fix": "Soften elbows; breathe; groove first."
        }
      ]
    },
    "fitness_attack": {
      "technique": [
        "Athletic stance; chest proud.",
        "Drive arms; keep cadence controlled."
      ],
      "fault_fix": [
        {
          "fault": "heels slamming",
          "fix": "Land softer; shorten stride; increase cadence slightly."
        }
      ]
    }
  }
}