{
  "version": "v1",
  "packs": [
    {
      "name": "Combat Engine \u00b7 4 Weeks",
      "tags": "combat,conditioning",
      "description": "4-week combat conditioning progression with deload week 4.",
      "weeks": [
        {
          "week": 1,
          "sessions": [
            {
              "key": "combat_base",
              "title": "Combat Base",
              "style": "combat",
              "duration_min": 45
            },
            {
              "key": "boxing_skill",
              "title": "Boxing Skill",
              "style": "boxing",
              "duration_min": 45
            },
            {
              "key": "mobility_reset",
              "title": "Mobility Reset",
              "style": "mobility",
              "duration_min": 35
            }
          ]
        },
        {
          "week": 2,
          "sessions": [
            {
              "key": "combat_volume",
              "title": "Combat Volume+",
              "style": "combat",
              "duration_min": 50
            },
            {
              "key": "muay_thai_rounds",
              "title": "Muay Thai Rounds",
              "style": "muay_thai",
              "duration_min": 50
            },
            {
              "key": "core_stability",
              "title": "Core Stability",
              "style": "core",
              "duration_min": 35
            }
          ]
        },
        {
          "week": 3,
          "sessions": [
            {
              "key": "combat_intensity",
              "title": "Combat Intensity+",
              "style": "combat",
              "duration_min": 50
            },
            {
              "key": "hiit_engine",
              "title": "HIIT Engine",
              "style": "hiit",
              "duration_min": 45
            },
            {
              "key": "recovery_downshift",
              "title": "Recovery Downshift",
              "style": "recovery",
              "duration_min": 35
            }
          ]
        },
        {
          "week": 4,
          "sessions": [
            {
              "key": "deload_skill",
              "title": "Deload Skill",
              "style": "boxing",
              "duration_min": 35
            },
            {
              "key": "deload_mobility",
              "title": "Deload Mobility",
              "style": "mobility",
              "duration_min": 35
            },
            {
              "key": "deload_recovery",
              "title": "Deload Recovery",
              "style": "recovery",
              "duration_min": 30
            }
          ]
        }
      ]
    },
    {
      "name": "Yoga + Core \u00b7 4 Weeks",
      "tags": "yoga,core,flexibility",
      "description": "Yoga flow with core stability emphasis, suitable for beginners to intermediate.",
      "weeks": [
        {
          "week": 1,
          "sessions": [
            {
              "key": "yoga_flow_a",
              "title": "Yoga Flow A",
              "style": "yoga",
              "duration_min": 45
            },
            {
              "key": "core_base",
              "title": "Core Base",
              "style": "core",
              "duration_min": 30
            },
            {
              "key": "mobility",
              "title": "Mobility",
              "style": "mobility",
              "duration_min": 30
            }
          ]
        },
        {
          "week": 2,
          "sessions": [
            {
              "key": "yoga_strength",
              "title": "Yoga Strength Flow",
              "style": "yoga",
              "duration_min": 50
            },
            {
              "key": "pilates_core",
              "title": "Pilates Core",
              "style": "pilates",
              "duration_min": 35
            },
            {
              "key": "balance",
              "title": "Balance",
              "style": "balance",
              "duration_min": 30
            }
          ]
        },
        {
          "week": 3,
          "sessions": [
            {
              "key": "yoga_flow_b",
              "title": "Yoga Flow B",
              "style": "yoga",
              "duration_min": 50
            },
            {
              "key": "core_endurance",
              "title": "Core Endurance",
              "style": "core",
              "duration_min": 35
            },
            {
              "key": "flexibility",
              "title": "Flexibility",
              "style": "flexibility",
              "duration_min": 30
            }
          ]
        },
        {
          "week": 4,
          "sessions": [
            {
              "key": "deload_yoga",
              "title": "Deload Yoga",
              "style": "yoga",
              "duration_min": 35
            },
            {
              "key": "recovery",
              "title": "Recovery",
              "style": "recovery",
              "duration_min": 30
            },
            {
              "key": "mobility",
              "title": "Mobility Reset",
              "style": "mobility",
              "duration_min": 30
            }
          ]
        }
      ]
    },
    {
      "name": "Fitness Attack \u00b7 4 Weeks",
      "tags": "fitness,hiit,athletic",
      "description": "Athletic cardio programme inspired by body-attack style training with smarter recovery.",
      "weeks": [
        {
          "week": 1,
          "sessions": [
            {
              "key": "attack_base",
              "title": "Attack Base",
              "style": "fitness_attack",
              "duration_min": 45
            },
            {
              "key": "strength_base",
              "title": "Strength Base",
              "style": "strength",
              "duration_min": 45
            },
            {
              "key": "mobility",
              "title": "Mobility",
              "style": "mobility",
              "duration_min": 30
            }
          ]
        },
        {
          "week": 2,
          "sessions": [
            {
              "key": "attack_volume",
              "title": "Attack Volume+",
              "style": "fitness_attack",
              "duration_min": 50
            },
            {
              "key": "hiit_engine",
              "title": "HIIT Engine",
              "style": "hiit",
              "duration_min": 40
            },
            {
              "key": "core",
              "title": "Core",
              "style": "core",
              "duration_min": 30
            }
          ]
        },
        {
          "week": 3,
          "sessions": [
            {
              "key": "attack_intensity",
              "title": "Attack Intensity+",
              "style": "fitness_attack",
              "duration_min": 50
            },
            {
              "key": "endurance",
              "title": "Endurance",
              "style": "endurance",
              "duration_min": 45
            },
            {
              "key": "recovery",
              "title": "Recovery",
              "style": "recovery",
              "duration_min": 30
            }
          ]
        },
        {
          "week": 4,
          "sessions": [
            {
              "key": "deload_attack",
              "title": "Deload Attack",
              "style": "fitness_attack",
              "duration_min": 35
            },
            {
              "key": "mobility",
              "title": "Mobility",
              "style": "mobility",
              "duration_min": 30
            },
            {
              "key": "recovery",
              "title": "Recovery",
              "style": "recovery",
              "duration_min": 30
            }
          ]
        }
      ]
    }
  ]
}