{
  "version": "v1",
  "weeks": {
    "1": {
      "tag": "Base",
      "minute_factor": 1.0,
      "intensity_bias": 0
    },
    "2": {
      "tag": "Volume+",
      "minute_factor": 1.05,
      "intensity_bias": 2
    },
    "3": {
      "tag": "Intensity+",
      "minute_factor": 1.0,
      "intensity_bias": 4
    },
    "4": {
      "tag": "Deload",
      "minute_factor": 0.75,
      "intensity_bias": -6,
      "prefer_low_domains": true
    }
  },
  "levels": {
    "beginner": {
      "min_minutes": 30,
      "max_minutes": 60,
      "max_hard_days": 1
    },
    "intermediate": {
      "min_minutes": 30,
      "max_minutes": 75,
      "max_hard_days": 2
    },
    "advanced": {
      "min_minutes": 35,
      "max_minutes": 75,
      "max_hard_days": 2
    },
    "expert": {
      "min_minutes": 35,
      "max_minutes": 75,
      "max_hard_days": 2
    }
  }
}